name,face
七海Nana7mi,http://i2.hdslb.com/bfs/face/254aedbf9dad0ed5e1117c2e435a6f36ed70c64d.jpg
阿萨Aza,http://i2.hdslb.com/bfs/face/d92f3bea64c4bac4e80909405bd126b8666e012d.jpg
阿梓从小就很可爱,http://i2.hdslb.com/bfs/face/ba9ce36ef60a53e24a97f54429e62bdb951530a0.jpg
小可学妹,http://i2.hdslb.com/bfs/face/50bec7d47935d0660c7174e7c075d38f259e8d15.jpg
罗伊_Roi,http://i2.hdslb.com/bfs/face/b3371c562fd1c81df86af7213f318cfad96010b8.jpg
琉绮Ruki,http://i2.hdslb.com/bfs/face/e094f351a11ce2a327c72c922460b2b102cffd83.jpg
勺Shaun,http://i2.hdslb.com/bfs/face/34c5270675e9768d3fd3414547b7cc72ecf753b0.jpg
茶冷_Channel,http://i2.hdslb.com/bfs/face/62467784c69787851916253544ff56fe20749149.jpg
艾因Eine,http://i2.hdslb.com/bfs/face/192951a5ed432428542b5051f673105d87723cf6.jpg
星弥Hoshimi,http://i2.hdslb.com/bfs/face/83cbf46f75ded9b1db09a01b8b29f938a5706134.jpg
雪绘Yukie,http://i2.hdslb.com/bfs/face/a516d9125d014bd97b8a6f480af818e162c27b29.jpg
勾檀Mayumi,http://i2.hdslb.com/bfs/face/2c92c7ea0268e159d244a02b40b38d484be14de4.jpg
菫妃奈Official,http://i2.hdslb.com/bfs/face/d144bb159b9bb03b4b768a575f5534f3bb6c6187.jpg
桃星Tocci,http://i2.hdslb.com/bfs/face/19a184822ae5fec3d66dba663085d66361583171.jpg
蕾米Remi,http://i2.hdslb.com/bfs/face/dca9bdc80464a6ff09676cff15407d306f0e17b0.jpg
弥希Miki,http://i2.hdslb.com/bfs/face/721e967950fe7d934d2c06aeade6b0f78ec91b9d.jpg
诺莺Nox,http://i2.hdslb.com/bfs/face/aeeae5b4ca9105419f562a105e6513249f9e30db.jpg
轴伊Joi_Channel,http://i2.hdslb.com/bfs/face/6c8b3130aa9bed0e4625aa09a3ce53d85ea12f3e.jpg
花留Karu,http://i2.hdslb.com/bfs/face/b1fafc27b231fb006f21b96d4efaee9567e43f4f.jpg
安堂いなり_official,http://i2.hdslb.com/bfs/face/ad7464941000379d8088ccbd44b10e5d5435af7b.jpg
千春_Chiharu,http://i2.hdslb.com/bfs/face/88b1b16b0844cbe864fc17d77864ef9007357ba2.jpg
蜜球兔,http://i2.hdslb.com/bfs/face/95283d4cd69dffa48a5c266dda6d0368a6c33f6c.jpg
茉里Mari,http://i2.hdslb.com/bfs/face/a56c7852346b589b73734285b7c24a9d0acb7140.jpg
中单光一,http://i2.hdslb.com/bfs/face/1fe2623a4847c8fdedf55b90897e968e82eb8181.jpg
尤格Yog,http://i2.hdslb.com/bfs/face/98e96729ce19b05132002be6d198b53a5b881c06.jpg
无理MURI,http://i2.hdslb.com/bfs/face/5c21a39e52a491bfb599cc9645d506090e87b3ef.jpg
雾深Girimi,http://i2.hdslb.com/bfs/face/57f7d96aef1f8b649bb0b5704a2567df9a929eee.jpg
悠亚Yua,http://i2.hdslb.com/bfs/face/4d8bfb56ce431953151c1e85f27379b441d8a639.jpg
舒三妈Susam,http://i2.hdslb.com/bfs/face/d5b9c9e2d75c9f1fe8ad0caa6a7fa69897a27f8c.jpg
度人Tabibito,http://i2.hdslb.com/bfs/face/ecc49ddd4354db060b415c2bfd6165b2e2bb9909.jpg
惑姬Waku,http://i2.hdslb.com/bfs/face/ccf726e10e724b13997c6f6ea6177fd54acf51a8.jpg
金克茜Jinxy,http://i2.hdslb.com/bfs/face/bb9887c4c38127692c99b7971095fa79e36351e5.jpg
田野柴Tanoshiba,http://i2.hdslb.com/bfs/face/66c8884f5b1bd11cec856c66ba5cb869d25c40bc.jpg
真绯瑠mahiru,http://i2.hdslb.com/bfs/face/6958d76ac636ea2a5b18a1927446dcb0b722bb1c.jpg
伊莎贝拉Official,http://i2.hdslb.com/bfs/face/93358838b654e8c7d7c760269209e0d37b450f1e.jpg
清良Kiyora,http://i2.hdslb.com/bfs/face/b2f1927a0177be5458d999b56a1c1dc5dcb58299.jpg
千幽Chiyuu,http://i2.hdslb.com/bfs/face/097a00afc2195707cd0d8474da08c4aaee4696e5.jpg
沙夜_Saya,http://i2.hdslb.com/bfs/face/1da5628e779de9f47db97dc58d9547312043d124.jpg
恋诗夜Koxia,http://i2.hdslb.com/bfs/face/b427082ac40c631a9a0b1b7c0b240918ce8225d6.jpg
瑞娅_Rhea,http://i2.hdslb.com/bfs/face/fdb2205ee17ec8d2d42efaae073818d8c4ff6626.jpg
八木迪之,http://i2.hdslb.com/bfs/face/da4ecb4f66c646e9fb520b5458da0fca9e7739a8.jpg
希侑Kiyuu,http://i2.hdslb.com/bfs/face/6e5235459bfb8e0cbdb0e6357524abbad7f7f0bc.jpg
狩砂Karisa,http://i2.hdslb.com/bfs/face/98257d7bfa28bb04c69434ea3d7be9a3282cb1b9.jpg
伊深Imi,http://i2.hdslb.com/bfs/face/a98866c56e778098eb594098ad6f7d0f1a9324fb.jpg
有加plus,http://i2.hdslb.com/bfs/face/811e2f544b7ae8e50e09218ac32d3ca3732e5178.jpg
卡欧斯_Chaos,http://i2.hdslb.com/bfs/face/f94f5b530fd37361848f9a139522339ca816dffc.jpg
九十九_Tsukumo,http://i2.hdslb.com/bfs/face/bb56c76adeee284713512702e850870777ad958b.jpg
喵月nyatsuki,http://i2.hdslb.com/bfs/face/9ca83b4adf5f6a213237155e4eb4ea44e8f83242.jpg
库伽Hakuja,http://i2.hdslb.com/bfs/face/39c980836c30db2dc47b32ac6f1594f4a7c48943.jpg
露露娜Ruruna,http://i2.hdslb.com/bfs/face/5bb83efb657f2ecac663eec74d3d50e8aed40f4f.jpg
吉吉Kiti,http://i2.hdslb.com/bfs/face/b99f8d241a2048f61a9810ed98044733257e9c9c.jpg
瑞芙Reve,http://i2.hdslb.com/bfs/face/b3de428777ea0538b1d33968c510971d0e3050b9.jpg
KINGSK科科_Channel,http://i2.hdslb.com/bfs/face/d5cf3e682b04300756ea2b7846d8dcea92fad8ed.jpg
星宸Sirius,http://i2.hdslb.com/bfs/face/1a660b0f63f9dcbebab75e05b444c0f202c98ff4.jpg
夜宫Yomiya,http://i2.hdslb.com/bfs/face/46902eacf0b5779814ccbdeb5281cdefc2f4cef9.jpg
萨麦尔_Samael,http://i2.hdslb.com/bfs/face/9f3f19b7e3a51d70ce211e4cd9e2609919260575.jpg
羽音Hanon,http://i2.hdslb.com/bfs/face/3a227f0b6ff689669f2efe6abc52350970a03a00.jpg
宫园凛RinMiyazono,http://i2.hdslb.com/bfs/face/c28fb8696bbbd1e223a2de0bea48e0315be4e256.jpg
希维Sybil,http://i2.hdslb.com/bfs/face/76a22ba27cbe3468fd65e1234f38d18b553cbe85.jpg
友夏Uka,http://i2.hdslb.com/bfs/face/c02f9206933f8436abad551f65b3c24fb0084f35.jpg
糯依Noi,http://i2.hdslb.com/bfs/face/4e9999ca4d45247621bb697ffcf98f76e9e251a5.jpg
绮楼Qilou,http://i2.hdslb.com/bfs/face/ce8e11f5657b866c17bb14d4de69d76b920030de.jpg
紫纪Shiki,http://i2.hdslb.com/bfs/face/798bee5d66232ea981b741c0aafe2d0f293930c8.jpg
魔魔マラ,http://i2.hdslb.com/bfs/face/8a3eaf0b8bf0d95fbaf7a479a197f388fdbf1bf9.jpg
岁己SUI,http://i2.hdslb.com/bfs/face/1ddffe45166faeaee465830c944099da606780a0.jpg
犬童Kendou,http://i2.hdslb.com/bfs/face/1539ab989a3b070d45117d29fdc471d7b0d1147d.jpg
星也seiya,http://i2.hdslb.com/bfs/face/c60a3887f9b5eb77dfba1b601c47bb1262da96c4.jpg
莱恩Leo,http://i2.hdslb.com/bfs/face/62775ae69c9476df635a98db14bb6d90091785af.jpg
未羽Miyu,http://i2.hdslb.com/bfs/face/9b6d335d87d38f08125f37dd48b48ca87d963829.jpg
克克_Keke,http://i2.hdslb.com/bfs/face/ecc28da26e835a19600b142bf1e676f0653a51d2.jpg
江乱Era,http://i2.hdslb.com/bfs/face/97a2344c71f86e202c92768740923b1fc9db6ea5.jpg
暴食Hunger,http://i2.hdslb.com/bfs/face/c49fc6a04de165c74013e8accec7b21ea61acf8b.jpg
